Timestamp,robot_x,robot_y,photo_num
-1708364038.3300657,1.1806464923380666e-05,-1.1465162319895805e-05,14000
-1708364038.2964761,1.4739690028187091e-05,3.3712904065202887e-06,14001
-1708364038.2676141,1.7084236472175718e-06,3.0153086858913936e-06,14002
-1708364038.229817,6.887902681773639e-06,-5.2029878040427135e-06,14003
-1708364038.1939652,-0.0003403362963790846,0.00029491402815100265,14004
-1708364038.158038,-0.00163131358807167,0.0015245267643673177,14005
-1708364038.12676,-0.0031680689749492563,0.0030503340097366854,14006
-1708364038.0943046,-0.005016785470241758,0.004890615538471851,14007
-1708364038.0611722,-0.007054288262655195,0.006942224159145374,14008
-1708364037.9904344,-0.009255132314202497,0.00916839872081969,14009
-1708364037.9617102,-0.011435933293105771,0.011624522193349071,14010
-1708364037.9291844,-0.010941425120016945,0.011252250156034732,14011
-1708364037.8950381,-0.009830309757648537,0.010339400358046077,14012
-1708364037.864386,-0.008328590436917027,0.009053598375817401,14013
-1708364037.8373888,-0.006578531302343316,0.007591253907213907,14014
-1708364037.8019989,-0.005288900783496642,0.00677192711743356,14015
-1708364037.7696443,-0.0034102185303264143,0.0064907303498095426,14016
-1708364037.738984,-0.0021301952902197385,0.007153232117992694,14017
-1708364037.7036235,-0.0009973443354129863,0.008272653493258508,14018
-1708364037.670932,6.0782225973832205e-05,0.009826025874206473,14019
-1708364037.6421354,0.0010827976766986103,0.011560869726509673,14020
-1708364037.6029077,0.001366206330210784,0.012193806533172674,14021
-1708364037.573376,-0.0008512939730157543,0.009348809589517795,14022
-1708364037.5331824,-0.003347740407858679,0.005860906421912324,14023
-1708364037.5010457,-0.008976247400880877,-0.002102599956810225,14024
-1708364037.4668565,-0.01433275551670099,-0.009938231913286827,14025
-1708364037.4343007,-0.021361517443728606,-0.020696662098908275,14026
-1708364037.4031322,-0.02534571254105289,-0.02745586075763301,14027
-1708364037.3722749,-0.02694654997938939,-0.031024504818796372,14028
-1708364037.3462906,-0.02654160381093762,-0.03155531313629387,14029
-1708364037.310526,-0.025114459858651794,-0.030498934370921965,14030
-1708364037.2781577,-0.022123876240016993,-0.02774302147907759,14031
-1708364037.2443545,-0.018366189108546038,-0.024139902679205683,14032
-1708364037.211689,-0.013715960188240173,-0.01909832957123242,14033
-1708364037.1719983,-0.01129956846370328,-0.015387306493297392,14034
-1708364037.1389618,-0.009914908588313454,-0.011179428003273928,14035
-1708364037.106047,-0.009732443391338386,-0.008131454368789315,14036
-1708364037.0677037,-0.010095800163023583,-0.005180201687659147,14037
-1708364037.0373847,-0.010846642229364267,-0.001770173594679736,14038
-1708364037.0064368,-0.011068474854283306,-0.000263580631624738,14039
-1708364036.9725254,-0.010713190616449708,0.0005047682415057209,14040
-1708364036.9410083,-0.009338142549036976,-0.0002519415147011761,14041
-1708364036.9079878,-0.008169396260172879,-0.001378858652772097,14042
-1708364036.8729973,-0.005957579579118799,-0.003895102874199724,14043
-1708364036.8399873,-0.004049682562852208,-0.006239948684669344,14044
-1708364036.8089986,-0.0022605198673677496,-0.008103414224748723,14045
-1708364036.774271,-0.0008769621834935348,-0.008311311353259937,14046
-1708364036.742113,0.00016859843516481288,-0.006970383299035016,14047
-1708364036.7084243,0.0010302470364502714,-0.004543621267684428,14048
-1708364036.67599,0.0019363535638760032,-0.0005330001361867343,14049
-1708364036.6422682,0.002522084446718864,0.0031197450607315796,14050
-1708364036.6080909,0.0034427571224806552,0.006897636220486919,14051
-1708364036.5754726,0.005057772128424176,0.010541305215867283,14052
-1708364036.5446,0.007357615502294523,0.01401123940336009,14053
-1708364036.5111215,0.010205255979970462,0.0173600063101252,14054
-1708364036.4778514,0.01352716231637352,0.02054602107069256,14055
-1708364036.444888,0.01705586995127273,0.02372973754928409,14056
-1708364036.4116266,0.02011051596641611,0.026513399262073203,14057
-1708364036.379122,0.020452244317680113,0.027411394180413926,14058
-1708364036.345091,0.01785872793381349,0.026242215943845723,14059
-1708364036.311257,0.013391501247186577,0.02369314367618766,14060
-1708364036.2789636,0.00758759274253773,0.020254504516276473,14061
-1708364036.2459798,0.0011505695768375679,0.016285909804804904,14062
-1708364036.2142332,-0.005129032839416459,0.01238209547001308,14063
-1708364036.17911,-0.009134928587661406,0.010547589709339777,14064
-1708364036.1477103,-0.01109595187243162,0.011288021585871624,14065
-1708364036.1157274,-0.010692837931776333,0.013606492693276726,14066
-1708364036.090157,-0.009051406027150488,0.01700617657749358,14067
-1708364036.059923,-0.007317049591614944,0.01995577708379022,14068
-1708364036.020824,-0.004734908098539825,0.024001398633917356,14069
-1708364035.9867365,-0.002373909333526769,0.02509782873530146,14070
-1708364035.948372,-0.00012484639523380192,0.021561008474351356,14071
-1708364035.9169807,0.0015591436605126852,0.01390026387568577,14072
-1708364035.881958,0.0025898982748080446,0.007801972737907434,14073
-1708364035.8490908,0.004406236949354936,-0.0038583753626934003,14074
-1708364035.818392,0.005966627777617917,-0.013025712807406081,14075
-1708364035.7835393,0.007186090564718417,-0.018592665468376374,14076
-1708364035.7514334,0.007955236052308634,-0.020715005678895754,14077
-1708364035.719647,0.008319818453334626,-0.020061973060866184,14078
-1708364035.6856325,0.00831109622308912,-0.017328369709960073,14079
-1708364035.6532881,0.008077140890991319,-0.013329416315902953,14080
-1708364035.6214788,0.007606037112538155,-0.008535573412593866,14081
-1708364035.5874264,0.006219660715635289,-0.0033766956054558928,14082
-1708364035.5544019,0.0032542153991524936,0.0030031651558910105,14083
-1708364035.52009,0.00013973623701446503,0.008097281827756972,14084
-1708364035.4891384,-0.003478342888012187,0.013311223930308591,14085
-1708364035.4544234,-0.007408156870021498,0.018598277774911784,14086
-1708364035.4225087,-0.011512084002315848,0.023858524004490428,14087
-1708364035.3897364,-0.015078285598663532,0.026925045029227823,14088
-1708364035.3563855,-0.017897332294194657,0.027107420662003473,14089
-1708364035.323031,-0.020443854028004305,0.024142950622382503,14090
-1708364035.2888014,-0.02172259843061719,0.019554664480681425,14091
-1708364035.2555647,-0.02255618235143486,0.013690303645212495,14092
-1708364035.2236397,-0.022945715150068713,0.007408845031923822,14093
-1708364035.1913686,-0.022553746459366586,0.003151897992573066,14094
-1708364035.157377,-0.021402758516941733,0.0015378525077889421,14095
-1708364035.1255493,-0.01964623905343188,0.0020371788773944077,14096
-1708364035.0925777,-0.017553952509120507,0.004189461290724297,14097
-1708364035.0571058,-0.014475866474488286,0.008127236901592935,14098
-1708364035.0267484,-0.01188800534566814,0.011590395525515745,14099
-1708364034.9934733,-0.009869792561208568,0.012377437165231459,14100
-1708364034.9572027,-0.008681069736846014,0.010259355658601282,14101
-1708364034.9258747,-0.008197661448502314,0.005728731069847157,14102
-1708364034.8922997,-0.008305261384055074,-0.0002735994731512259,14103
-1708364034.8586178,-0.0090175362735051,-0.009208566384780209,14104
-1708364034.8270588,-0.00971868946583443,-0.01664909271775633,14105
-1708364034.793283,-0.009935200780568643,-0.021312260727605725,14106
-1708364034.761965,-0.009472778826764006,-0.022819415388936642,14107
-1708364034.7290668,-0.008411015759390184,-0.021687157961906345,14108
-1708364034.6600575,-0.00684196662350911,-0.018740874514866224,14109
-1708364034.6282167,-0.002380578315690385,-0.008801306988064195,14110
-1708364034.59493,-0.0016356721088434112,-0.0033027420118776074,14111
-1708364034.5644736,-0.0023349661242684228,0.0024539116666556643,14112
-1708364034.5312793,-0.004268448076982789,0.008544222268910398,14113
-1708364034.4967082,-0.007042561153737914,0.014948920227003393,14114
-1708364034.4656727,-0.01026831432342723,0.021435761073182263,14115
-1708364034.4327025,-0.013822011045588778,0.028224984404458586,14116
-1708364034.3973565,-0.016633025830440906,0.03281045999804015,14117
-1708364034.366061,-0.01823520997563033,0.03370425051117869,14118
-1708364034.333649,-0.01887347213665702,0.03162252845707182,14119
-1708364034.2996092,-0.018753143350072943,0.02711202623327806,14120
-1708364034.2680838,-0.018034953236106488,0.01977037054412746,14121
-1708364034.233249,-0.017199328816627335,0.013165371223945385,14122
-1708364034.2018507,-0.016569160982250697,0.007271325449155833,14123
-1708364034.167801,-0.016480006523958646,0.003100355762245377,14124
-1708364034.135144,-0.016886440890016452,0.0004972438249391392,14125
-1708364034.102893,-0.017646009679658015,-0.0010483930137778208,14126
-1708364034.0701313,-0.018642087187861534,-0.001906480951230194,14127
-1708364034.0376554,-0.019792158436743312,-0.002388353105317348,14128
-1708364034.0040107,-0.020459703300349297,-0.0028616469004981715,14129
-1708364033.9670436,-0.019612549145402225,-0.004003261519824108,14130
-1708364033.9369237,-0.01778175364003265,-0.005210736207974381,14131
-1708364033.9052005,-0.015169888386041497,-0.006673644888324087,14132
-1708364033.871953,-0.012026886878036436,-0.008249316277852664,14133
-1708364033.8379493,-0.008471093207553237,-0.009907349956180311,14134
-1708364033.8059509,-0.004853975702157509,-0.010948376552291555,14135
-1708364033.7725828,-0.0013907199674372261,-0.010559805227689872,14136
-1708364033.739787,0.002855164520932041,-0.008473567681894667,14137
-1708364033.7066698,0.006140599389629853,-0.005808275637756599,14138
-1708364033.671881,0.00930080093811625,-0.0026132216464029856,14139
-1708364033.6404018,0.012476436605301289,0.0008469941229051203,14140
-1708364033.6059515,0.014864811777136722,0.003740062480499323,14141
-1708364033.5743732,0.01533533362865136,0.004502312988068094,14142
-1708364033.5401537,0.01414444390920122,0.003316914804553206,14143
-1708364033.5083537,0.010888608154617785,-0.00014516308575757142,14144
-1708364033.4755113,0.0074190442234052245,-0.004034864661580234,14145
-1708364033.4426043,0.0033773038959534762,-0.008478138991224765,14146
-1708364033.4091673,-0.0003789812468670828,-0.012497971990815149,14147
-1708364033.3762944,-0.0032713061348800254,-0.014978263145144222,14148
-1708364033.343634,-0.00542457546128261,-0.015996428693531017,14149
-1708364033.310702,-0.006949282493446951,-0.0158754359183515,14150
-1708364033.285738,-0.008002756662844335,-0.01507698490158696,14151
-1708364033.2527025,-0.008591520878917902,-0.014170437642225253,14152
-1708364033.2110717,-0.009525864415120378,-0.012356772959917717,14153
-1708364033.1785822,-0.011334286546402561,-0.010187917809149377,14154
-1708364033.1455114,-0.013461032877955637,-0.008221995270650428,14155
-1708364033.109629,-0.016020199803623347,-0.006147227973927111,14156
-1708364033.0792756,-0.018861233667675892,-0.003937193751209961,14157
-1708364033.0447,-0.021943984067281486,-0.001622763076442657,14158
-1708364033.0127072,-0.025297743981044674,0.0008234124240918822,14159
-1708364032.9802375,-0.026609712633259952,0.001388741314100772,14160
-1708364032.9471478,-0.026768477761230924,0.0006686585738273354,14161
-1708364032.9140174,-0.02609537939328721,-0.00103074816018911,14162
-1708364032.8816059,-0.024878317490239277,-0.0033502032224831113,14163
-1708364032.848808,-0.023273587366285597,-0.006038654346317118,14164
-1708364032.8150795,-0.02145916016709426,-0.008543062638014881,14165
-1708364032.7805798,-0.01948553202258496,-0.009758234021483486,14166
-1708364032.7491217,-0.016850611385384795,-0.009249647391952887,14167
-1708364032.7145047,-0.01523688514704924,-0.00815453596491622,14168
-1708364032.682685,-0.01240145188174513,-0.005485312381291602,14169
-1708364032.6504238,-0.010009895859797724,-0.002930400254861132,14170
-1708364032.614468,-0.0076544540538738826,-0.0003670415906133484,14171
-1708364032.5817595,-0.005659269422138791,0.0019651672817756066,14172
-1708364032.5511172,-0.004059927961687748,0.004066629656127391,14173
-1708364032.527378,-0.002766297289122477,0.005981301947352857,14174
-1708364032.4923627,-0.001938154686720317,0.00732795397173544,14175
-1708364032.45903,-0.0007798635083735572,0.009545445963750163,14176
-1708364032.4253435,-6.68886915523581e-05,0.011242344095983653,14177
-1708364032.392385,-0.0002870573654710773,0.011877297858411837,14178
-1708364032.360872,-0.0015807160318213054,0.011376682864727747,14179
-1708364032.329311,-0.0037413684455764873,0.009890550855231758,14180
-1708364032.2937934,-0.006483385088410953,0.007621611303520404,14181
-1708364032.2598765,-0.00963908628617327,0.004885139146563897,14182
-1708364032.2269492,-0.01397332014824093,0.0013669523995680777,14183
-1708364032.19546,-0.017035394881927957,-5.376539936789715e-05,14184
-1708364032.160532,-0.019694500897765255,0.00027736429231528525,14185
-1708364032.127525,-0.02199290875862847,0.0021097265199762766,14186
-1708364032.094648,-0.02402459167414528,0.005022253502089624,14187
-1708364032.0619092,-0.025802283283731686,0.008454784379657479,14188
-1708364032.0292246,-0.027405218652633345,0.012338965344422442,14189
-1708364031.9979525,-0.02784414406828939,0.014226104504264162,14190
-1708364031.9639692,-0.026591670519614974,0.013103556110894185,14191
-1708364031.9284327,-0.023062236769121447,0.008012792368115432,14192
-1708364031.8953137,-0.018949475821201545,0.0018035549855815042,14193
-1708364031.8579192,-0.014089955439648527,-0.0055540034471647515,14194
-1708364031.8244855,-0.007316097209569938,-0.015159166917287165,14195
-1708364031.7903311,-0.0029707896161910163,-0.020161017059074055,14196
-1708364031.7590349,-0.00012053373974574288,-0.02225907802717611,14197
-1708364031.7252502,0.0014428815699631947,-0.021943189250600625,14198
-1708364031.6863377,0.0020183367784490924,-0.019861237213117694,14199
-1708364031.6591191,0.0018801347198232898,-0.015600687438157707,14200
-1708364031.6261148,0.0013136370489045257,-0.011521512336980344,14201
-1708364031.593746,5.864136452193858e-05,-0.008497476313023805,14202
-1708364031.558451,-0.0018228679215028798,-0.007018865823144926,14203
-1708364031.5284266,-0.004226080674047172,-0.00691799467322135,14204
-1708364031.4952853,-0.007094039321452694,-0.007725333376125826,14205
-1708364031.4609847,-0.010301330017065569,-0.009046185107012467,14206
-1708364031.3940964,-0.013691174059631162,-0.010647038230572753,14207
-1708364031.3632424,-0.017797692284796995,-0.013601629422423739,14208
-1708364031.3298614,-0.017717863025708547,-0.014572706589664752,14209
-1708364031.2971191,-0.016799583879626656,-0.015555399990637014,14210
-1708364031.2639945,-0.015113588362078989,-0.016789703324885774,14211
-1708364031.2311187,-0.012990494155577625,-0.01808343847934843,14212
-1708364031.195471,-0.010360389587549035,-0.01886623914525165,14213
-1708364031.1656744,-0.0062943055079327515,-0.01870502604494778,14214
-1708364031.1332078,-0.003602160700882484,-0.018142096281177522,14215
-1708364031.1015453,0.00022845913316171806,-0.017012638777332223,14216
-1708364031.0765567,0.0042971030153653444,-0.015425948159709046,14217
-1708364031.0418904,0.008571440253122065,-0.013650798407386672,14218
-1708364031.0048594,0.011583153646947952,-0.012487822009215443,14219
-1708364030.9741282,0.011270496543204667,-0.013210647928736968,14220
-1708364030.9418435,0.008923912379848464,-0.014609007473540297,14221
-1708364030.9085572,0.003925649463721648,-0.0172742868330171,14222
-1708364030.868674,-0.00443944022978171,-0.021308021121118736,14223
-1708364030.8336916,-0.014046147502061013,-0.025890748504777295,14224
-1708364030.801593,-0.020593578669051538,-0.028131854011359703,14225
-1708364030.7682564,-0.02487043038833303,-0.028041902618124587,14226
-1708364030.7345943,-0.02724404787063983,-0.026096727493648636,14227
-1708364030.7037945,-0.02807475456981323,-0.023010838007704287,14228
-1708364030.66997,-0.02766085910558136,-0.019264909552029474,14229
-1708364030.636967,-0.02665670483940563,-0.01485521133491749,14230
-1708364030.6046677,-0.025518955784439856,-0.01037698780774951,14231
-1708364030.5708337,-0.024511700589322616,-0.005734773922782155,14232
-1708364030.5373302,-0.024103394759165897,-0.0028172207846644537,14233
-1708364030.5051568,-0.023870376499625756,-0.0002076451619093811,14234
-1708364030.4724019,-0.023747357723073348,0.002097719253316449,14235
-1708364030.4398692,-0.023528622122553355,0.004076890542815903,14236
-1708364030.4059403,-0.022820090023650597,0.005452208063549666,14237
-1708364030.372974,-0.021348921439443558,0.006084893974284897,14238
-1708364030.339298,-0.019372275570968656,0.006241056083462954,14239
-1708364030.3070383,-0.016509704791326407,0.006102921018247748,14240
-1708364030.273835,-0.014036857068211117,0.005807967672826708,14241
-1708364030.2407012,-0.011526005406703344,0.0054057510599745395,14242
-1708364030.207029,-0.009476307306105491,0.005705999357960456,14243
-1708364030.1753182,-0.008465042662605615,0.007531668829782581,14244
-1708364030.1405547,-0.008276012216439699,0.010720727686192547,14245
-1708364030.107871,-0.008886730643008267,0.01589724818297844,14246
-1708364030.075952,-0.0098824904825775,0.020873101265190194,14247
-1708364030.0408964,-0.011099045836217347,0.026435525975621446,14248
-1708364030.0074513,-0.012421127340798033,0.03036958633099704,14249
-1708364029.9708838,-0.013751601203557673,0.03006361766849333,14250
-1708364029.9453623,-0.015332431467371399,0.02439894607021527,14251
-1708364029.9168365,-0.01609604204642423,0.018751868519390064,14252
-1708364029.8880162,-0.016804635025175374,0.009332191492050557,14253
-1708364029.8502038,-0.01703906991292159,0.0011667221481105605,14254
-1708364029.8073165,-0.016908051197210283,-0.01231568774927369,14255
-1708364029.777142,-0.01582505196137174,-0.020051843212950254,14256
-1708364029.7507102,-0.014405986900939971,-0.021938727610828657,14257
-1708364029.718368,-0.013103368659497794,-0.021484467439067567,14258
-1708364029.6884086,-0.011211160520570473,-0.018801630781960565,14259
-1708364029.6536753,-0.009116734852203767,-0.014832112871719982,14260
-1708364029.620899,-0.006824913651099385,-0.009989856233971611,14261
-1708364029.5872514,-0.002766470878679206,-0.00293177121853494,14262
-1708364029.5540676,0.0016850313120931881,0.0032267708444058685,14263
-1708364029.519609,0.006970281981920068,0.009785372689060101,14264
-1708364029.490646,0.012808664184828955,0.016603454830876205,14265
-1708364029.4581635,0.01901620862363873,0.023507049662452095,14266
-1708364029.4200072,0.025087175218366564,0.030310033875447978,14267
-1708364029.3919537,0.027682777558036276,0.034093832766719734,14268
-1708364029.3538876,0.026271615758286515,0.03360209449676646,14269
-1708364029.322989,0.019883776672144027,0.028793902358135073,14270
-1708364029.2912962,0.01248723622033987,0.022500578947079478,14271
-1708364029.2562072,0.004041034624310935,0.014696219791237919,14272
-1708364029.2203844,-0.004698312812608907,0.005728138143707123,14273
-1708364029.1893923,-0.013708770374137424,-0.002316805897352864,14274
-1708364029.1584978,-0.01780593635348393,-0.004996544833167027,14275
-1708364029.1258266,-0.022268189997637466,-0.0064380212457492425,14276
-1708364029.093618,-0.025745189566923066,-0.006003062582010582,14277
-1708364029.0574353,-0.028629207344276764,-0.004323472392053995,14278
-1708364029.0273514,-0.03148080612254267,-0.0014570009054062916,14279
-1708364028.9934032,-0.031079205608069427,-0.00021658613993738585,14280
-1708364028.956611,-0.02762144509801734,-0.0005166672754771395,14281
-1708364028.9268398,-0.019727049474383307,-0.002712666624283655,14282
-1708364028.8940473,-0.013671321496843136,-0.004650892973421417,14283
-1708364028.8575659,-0.004392841892584265,-0.0076425739248238145,14284
-1708364028.8256269,0.007853633102224311,-0.01143083280444629,14285
-1708364028.796016,0.014813890216142989,-0.013099209103320603,14286
-1708364028.757013,0.018248196149840745,-0.013481200190834597,14287
-1708364028.729775,0.018630974408660128,-0.012728773684989786,14288
-1708364028.6947484,0.01674108307238864,-0.011136759509620342,14289
-1708364028.6622891,0.013399861816193459,-0.008993262767637816,14290
-1708364028.6317225,0.009287644917358229,-0.00640367753377824,14291
-1708364028.594974,0.004960008972363483,-0.004785813091161217,14292
-1708364028.5555673,1.6634029776807502e-05,-0.005469296419262498,14293
-1708364028.524591,-0.004194976223791391,-0.008747091178224892,14294
-1708364028.4924917,-0.007455030446607891,-0.012397895606101633,14295
-1708364028.453834,-0.010640354739028912,-0.01645877572042201,14296
-1708364028.4247453,-0.01367653009790637,-0.020699697942346384,14297
-1708364028.3953326,-0.016098260199349124,-0.02385933893313516,14298
-1708364028.3595471,-0.01782060318898393,-0.025550746998165036,14299
-1708364028.327995,-0.01881348150596307,-0.02587623749983764,14300
-1708364028.3023906,-0.019257157537276748,-0.025331477677508346,14301
-1708364028.2702074,-0.019306777003089137,-0.024588706164808738,14302
-1708364028.2246552,-0.01898044129223686,-0.023474434908240555,14303
-1708364028.1836166,-0.018564353891057928,-0.021042963324214653,14304
-1708364027.9788265,-0.0188517723373951,-0.0181489284641336,14305
-1708364027.832624,-0.02020247725357749,-0.0026745537054743973,14306
-1708364027.5965662,-0.0060142262377813616,-0.01153044047876503,14307
-1708364027.5646076,0.004684055185086744,-0.02636683712697202,14308
-1708364027.5348306,0.0051612011957103965,-0.028253887043023507,14309
-1708364027.5048087,0.005381538593173918,-0.02958554346582168,14310
-1708364027.4736755,0.005554296870343589,-0.031326628167109904,14311
-1708364027.4268615,0.005688173248344475,-0.033001127950457176,14312
-1708364027.316821,0.004662887878787325,-0.034483489716222365,14313
-1708364027.240252,-0.005955502824755765,-0.03161818278018211,14314
-1708364026.90944,-0.015117680713903625,-0.02677482831854569,14315
-1708364026.7303927,-0.0042371645433050276,-0.008224961299368144,14316
-1708364026.6812794,0.004190533192713897,-0.012783734428893412,14317
-1708364026.6516573,0.005917242868386019,-0.014254860898337884,14318
-1708364026.615893,0.006862366639526218,-0.015102348167466528,14319
-1708364026.5853217,0.007495436969679248,-0.015853422381753024,14320
-1708364026.5451946,0.007859862844336929,-0.01649644197700645,14321
-1708364026.5098855,0.008218784857437655,-0.017481465684798747,14322
-1708364026.4780364,0.008428956397121268,-0.018345820698545956,14323
-1708364026.4434114,0.008573922142753543,-0.019135395838474595,14324
-1708364026.412419,0.008629795605378132,-0.019568771095512694,14325
-1708364026.3799255,0.008541908501324191,-0.018772195197181374,14326
-1708364026.345315,0.008356307710122857,-0.01694787443368098,14327
-1708364026.3082929,0.008115675928432542,-0.014332677290514101,14328
-1708364026.281189,0.007825915246901904,-0.010274873187103434,14329
-1708364026.2550826,0.007719610217863604,-0.007702708995380919,14330
-1708364026.2161806,0.007833957965930338,-0.005106492942620167,14331
-1708364026.1906784,0.009974955619867831,-0.0016838978860275466,14332
-1708364026.1560519,0.012455305068351241,-0.00010382341010145568,14333
-1708364026.1215167,0.01811060159085298,0.001984900653225055,14334
-1708364026.0930674,0.023474410076772756,0.003299420441210288,14335
-1708364026.0581894,0.029456702633273935,0.004400797472858001,14336
-1708364026.024703,0.035398019836369254,0.005262201349220785,14337
-1708364025.9922147,0.038758611348552074,0.005299715412294251,14338
-1708364025.9577396,0.038982630399367446,0.004386148407630561,14339
-1708364025.902859,0.03655063892607213,0.0026311157028931775,14340
-1708364025.8826516,0.028224963462034403,-0.0018642103825803336,14341
-1708364025.8563547,0.023699691175203763,-0.003981259271982979,14342
-1708364025.8212357,0.019111716337650186,-0.006112445161654212,14343
-1708364025.790256,0.014113114365947643,-0.007653435699560729,14344
-1708364025.7583237,0.010755119899576449,-0.00753873954242662,14345
-1708364025.726472,0.008749180509058263,-0.006167604905574747,14346
-1708364025.683557,0.007770048535872931,-0.003930285394608796,14347
-1708364025.6597202,0.007452909035567501,0.0003782610261486852,14348
-1708364025.627841,0.007441079200089962,0.0026154711967206062,14349
-1708364025.5885186,0.006694559617155704,0.0034534136521131437,14350
-1708364025.560678,0.004273476632236539,0.0008173205572981068,14351
-1708364025.522678,0.002169810470266209,-0.0024231474308664125,14352
-1708364025.4926038,-0.0019106752705092545,-0.009689967800908944,14353
-1708364025.4606454,-0.005317040643787574,-0.01671542999802103,14354
-1708364025.429335,-0.008630148203449095,-0.02414043901772389,14355
-1708364025.396276,-0.010433532668230328,-0.028159730692518453,14356
-1708364025.3582728,-0.012142140191590212,-0.030466327223538148,14357
-1708364025.331162,-0.012708062329888303,-0.028906055691421767,14358
-1708364025.2921727,-0.01274797642350689,-0.02518284193943282,14359
-1708364025.2595747,-0.012351428850235435,-0.018689680294531302,14360
-1708364025.2301295,-0.011739812030507557,-0.012641473876834702,14361
-1708364025.1947322,-0.011005974911527217,-0.007668670044980286,14362
-1708364025.1566215,-0.009028057722056282,0.001108701999734743,14363
-1708364025.1265,-0.006208365664299609,0.009915329209509036,14364
-1708364025.0923579,-0.004172105653888369,0.015242837140603788,14365
-1708364025.0549273,-0.00040903342773945806,0.02413052141479642,14366
-1708364025.0200346,0.002622466358396358,0.03112949730932149,14367
-1708364024.9866705,0.005713411771276489,0.03519623170799578,14368
-1708364024.9523215,0.007334132986550612,0.034427457206202286,14369
-1708364024.9223063,0.008410812918414834,0.03082328004637519,14370
-1708364024.8934984,0.009248068482262006,0.025135004264236163,14371
-1708364024.8650136,0.00980634185304341,0.019985441834661624,14372
-1708364024.8022842,0.010641302100209304,0.012395142423898428,14373
-1708364024.7723098,0.012452899007455054,0.002982462311461209,14374
-1708364024.7387586,0.01323399457824248,0.0023103656622916885,14375
-1708364024.7048502,0.013973883123561515,0.00339553103879206,14376
-1708364024.671933,0.014596485921439362,0.005753127287825413,14377
-1708364024.6393118,0.015191960913716773,0.00885915317231964,14378
-1708364024.6064403,0.015493395967413393,0.011302714417300477,14379
-1708364024.5708022,0.015356983475114383,0.010933273696062548,14380
-1708364024.5392816,0.014697698585525054,0.006781231575059721,14381
-1708364024.5050395,0.013923740946665819,0.0013802005516220933,14382
-1708364024.4731925,0.012943391410878524,-0.0050475429230252555,14383
-1708364024.4403775,0.011935312192052794,-0.01227916317620728,14384
-1708364024.4070446,0.011251355012258157,-0.018356853502869225,14385
-1708364024.3768408,0.011439402840565771,-0.02138198848597911,14386
-1708364024.3422024,0.012386136167371165,-0.021699605513337772,14387
-1708364024.3071766,0.013992920947262677,-0.019960431193027012,14388
-1708364024.2700775,0.016750468596657964,-0.015960932048585508,14389
-1708364024.241245,0.019360902872966324,-0.011991279594372961,14390
-1708364024.2084777,0.021934454193129893,-0.008347883371604498,14391
-1708364024.1685128,0.023886931419604518,-0.006026793312373296,14392
-1708364024.1367455,0.025470020084673695,-0.00478190010552737,14393
-1708364024.1023746,0.026176595912207223,-0.004751668332451137,14394
-1708364024.0707648,0.026536110599070684,-0.005294007342272616,14395
-1708364024.0361161,0.026763037409115564,-0.006102943979537867,14396
-1708364024.0041795,0.026313932530778072,-0.007129574550408108,14397
-1708364023.9718616,0.025126445523879437,-0.007834537893016857,14398
-1708364023.93702,0.023239285434123125,-0.00837633853180303,14399
-1708364023.9041178,0.020798228351701087,-0.008773559588747731,14400
-1708364023.8717136,0.01791217652571442,-0.009015444346899687,14401
-1708364023.8377848,0.014763914902712338,-0.009137243716888843,14402
-1708364023.8066163,0.011935842592501245,-0.009201348459765002,14403
-1708364023.7713976,0.009938083033452005,-0.009065831520224804,14404
-1708364023.7398658,0.008606650266239968,-0.008668858096216786,14405
-1708364023.705296,0.008250329507144771,-0.008269648305126664,14406
-1708364023.6730258,0.008364093358360192,-0.00795053882987945,14407
-1708364023.6403239,0.008801594902453247,-0.00770685029312046,14408
-1708364023.6064477,0.008835123414656088,-0.0077742780608286155,14409
-1708364023.57413,0.007858173130005253,-0.008738806983084935,14410
-1708364023.5407698,0.005751137343190105,-0.010426405957982415,14411
-1708364023.507882,0.001990722751055052,-0.013227929740757288,14412
-1708364023.474487,-0.0014506949465816765,-0.015989350663425744,14413
-1708364023.4417012,-0.0051527038379582946,-0.018913324130903797,14414
-1708364023.4092174,-0.008146862847966063,-0.021230021728794984,14415
-1708364023.3776343,-0.009222764702926378,-0.021615482593482865,14416
-1708364023.342401,-0.008605342130617477,-0.020293726362245385,14417
-1708364023.3094022,-0.006671008095068709,-0.017580150107502968,14418
-1708364023.2723277,-0.00392930519440482,-0.013776621353787544,14419
-1708364023.2287383,0.00014457905282583283,-0.008211039348118537,14420
-1708364023.1864533,0.003035016479098207,-0.0021824996210007552,14421
-1708364023.1474552,0.00201191631027553,0.005339166100873163,14422
-1708364023.1122656,-0.0017022037446704497,0.011853759216407508,14423
-1708364023.0768878,-0.005777783588166718,0.017020005098943275,14424
-1708364023.0416522,-0.011683234482965932,0.023731972276982483,14425
-1708364023.0067031,-0.01596493376747954,0.028299871338485882,14426
-1708364022.9796627,-0.01841497480448151,0.03031840950535135,14427
-1708364022.9519339,-0.01922215927684523,0.030041877384836588,14428
-1708364022.9196439,-0.01897080339781576,0.028542126010496716,14429
-1708364022.8829417,-0.017803909157017017,0.025368019202130054,14430
-1708364022.8529363,-0.015367971140561543,0.020108169751501537,14431
-1708364022.81924,-0.012998377258622185,0.015595460112002676,14432
-1708364022.7739956,-0.010386126170744414,0.0108813393433973,14433
-1708364022.6472373,-0.006946927434741235,0.005002358630122342,14434
-1708364022.540802,0.004798173821542684,-0.012414113293043205,14435
-1708364022.488258,0.007527939956384677,-0.014680343043536603,14436
-1708364022.458751,0.006113313493024575,-0.01174640006756833,14437
-1708364022.4235334,0.004706200573409314,-0.00930492322035209,14438
-1708364022.394379,0.0025644884273428037,-0.007512639811649097,14439
-1708364022.3594718,-0.00039313254528183794,-0.006627090031590066,14440
-1708364022.319911,-0.00374608145406774,-0.006809239132091027,14441
-1708364022.2853897,-0.00842722560131548,-0.008071123460777624,14442
-1708364022.2551148,-0.012483545219739822,-0.009447707990979048,14443
-1708364022.2205374,-0.016472736959237233,-0.010792422165445542,14444
-1708364022.1835628,-0.02016046320790843,-0.010818202257658532,14445
-1708364022.158921,-0.021808217394081675,-0.00935258742718939,14446
-1708364022.1272955,-0.0223775513926171,-0.007530309694476378,14447
-1708364022.097745,-0.022580397662326,-0.004414163592775966,14448
-1708364022.0607486,-0.022163502560039516,-0.0010884467584367508,14449
-1708364022.02505,-0.020992489965315997,0.003049937503108599,14450
-1708364021.9977028,-0.01971901076613114,0.004427262443354951,14451
-1708364021.964721,-0.01869113074769635,0.004086961659072547,14452
-1708364021.9296172,-0.016936541576284436,0.0013703693336069578,14453
-1708364021.8993478,-0.015538911196292249,-0.0022258482244285616,14454
-1708364021.8632514,-0.01411407605770687,-0.006579673344181275,14455
-1708364021.8235912,-0.012634176024782007,-0.011368319506540131,14456
-1708364021.7900896,-0.01116466922201087,-0.01543739315858167,14457
-1708364021.75897,-0.010442542022163881,-0.01649691579922888,14458
-1708364021.7241123,-0.010137382193338929,-0.015811622125154745,14459
-1708364021.6896894,-0.010228731582207495,-0.013189995672009874,14460
-1708364021.6600585,-0.010631252593939822,-0.010242684534034902,14461
-1708364021.6252496,-0.011334262173204657,-0.006693819974251947,14462
-1708364021.5880551,-0.013019640761150364,-0.002448553331801606,14463
-1708364021.4925504,-0.01661930871965467,0.003831550442955564,14464
-1708364021.462806,-0.028740514120611182,0.0211071345987697,14465
-1708364021.4304802,-0.032007807169118996,0.025737881812395655,14466
-1708364021.348229,-0.034425218036288285,0.029931244151666814,14467
-1708364021.2661,-0.027552969802277616,0.026621394727155107,14468
-1708364021.2208536,-0.010507671132285346,0.012758865186229873,14469
-1708364021.1938422,0.000711013491866197,0.004424294358215619,14470
-1708364021.1661463,0.005975301571684244,0.001014916122704962,14471
-1708364021.1345205,0.01098240449202259,-0.0019763831089729955,14472
-1708364021.102084,0.017323318149403133,-0.005413181489048541,14473
-1708364021.066707,0.023435357329254503,-0.008444121056066012,14474
-1708364021.0331247,0.030824874485513964,-0.011726739096368205,14475
-1708364021.0005457,0.034826316336006635,-0.013464086355052446,14476
-1708364020.9705534,0.035920938384195855,-0.014107878231670118,14477
-1708364020.936022,0.034510536494973265,-0.013752108396282742,14478
-1708364020.900851,0.031102595344158823,-0.012594182634285106,14479
-1708364020.8687372,0.024946037492190154,-0.010211957910757408,14480
-1708364020.837006,0.019095307752708957,-0.007770215897821814,14481
-1708364020.8043652,0.013672602048075744,-0.006377294983994225,14482
-1708364020.772864,0.00939899047309889,-0.0070102839615220625,14483
-1708364020.742207,0.006292513644844511,-0.0095066100475589,14484
-1708364020.7105145,0.004606137601833593,-0.012488937019366625,14485
-1708364020.6788552,0.0031540398658255198,-0.01766967476295636,14486
-1708364020.64532,0.002183489366208602,-0.02345420756350783,14487
-1708364020.6108363,0.0017720979747021248,-0.028975952250258175,14488
-1708364020.578887,0.0031783540569044755,-0.03236397732205937,14489
-1708364020.545685,0.005662675823559171,-0.03221187624761673,14490
-1708364020.5119796,0.00917070569363887,-0.029997119066573347,14491
-1708364020.478747,0.013438561164611174,-0.026570269782669215,14492
-1708364020.4443145,0.01831765934958207,-0.022736243038983833,14493
-1708364020.4113436,0.024042546933813136,-0.017852497544566942,14494
-1708364020.3786335,0.02606972159711851,-0.01422643135476881,14495
-1708364020.3500876,0.025690793873777262,-0.010500340353989834,14496
-1708364020.3171988,0.024115774356771258,-0.00763100185482779,14497
-1708364020.2842584,0.019739942985246617,-0.0026983340304673753,14498
-1708364020.2474105,0.015157730117184243,0.0014439754862937415,14499
-1708364020.2137196,0.010314130446350767,0.005608191313909605,14500
-1708364020.1818316,0.005848031478144167,0.009111568914721618,14501
-1708364020.1511748,0.0019150405168759654,0.011526293264215406,14502
-1708364020.1180866,-0.0014501511582027948,0.01288958488054101,14503
-1708364020.0863068,-0.004320421484266923,0.013512376234760898,14504
-1708364020.0501704,-0.00698646920750734,0.01383913917974404,14505
-1708364020.0183482,-0.01014170735137232,0.014160893701428437,14506
-1708364019.9860647,-0.011556073822373336,0.013730261948525807,14507
-1708364019.9527442,-0.011899761588876956,0.012681299339179261,14508
-1708364019.9171426,-0.01136123122833621,0.011178991785936385,14509
-1708364019.8864105,-0.009712122145249746,0.008647129586609889,14510
-1708364019.8497193,-0.008158792263609271,0.006704024671690248,14511
-1708364019.8185596,-0.004785812594862104,0.003267083987533448,14512
-1708364019.7860546,-0.0012085348173449528,0.0018191181513089044,14513
-1708364019.7459245,0.0029171037061558325,0.00171602262571309,14514
-1708364019.7138903,0.008550657907064663,0.002987083880781047,14515
-1708364019.6816564,0.013249139113419184,0.004804989470100107,14516
-1708364019.6473348,0.018148502795435895,0.007074853653215307,14517
-1708364019.612377,0.02230917436760793,0.009172405126090827,14518
-1708364019.5815873,0.023202497367498798,0.009258598502221133,14519
-1708364019.5511394,0.020693256618542932,0.007246029578002883,14520
-1708364019.5260096,0.01726336224493108,0.004823001233054944,14521
-1708364019.4933503,0.012775327082853671,0.001951566712678307,14522
-1708364019.457491,0.0038562470483175515,-0.003581855215209012,14523
-1708364019.4241323,-0.0037982781165111223,-0.008257783302631494,14524
-1708364019.389117,-0.009352928705279706,-0.011137584260905747,14525
-1708364019.3436,-0.012378033332120064,-0.011227881802514161,14526
-1708364019.310657,-0.011938563089966436,-0.008583022064814316,14527
-1708364019.2878377,-0.009631814182704201,-0.005604209120786241,14528
-1708364019.2481055,-0.007118826789586419,-0.003113658499200561,14529
-1708364019.2181718,-0.002991699278849569,0.0016219658898701667,14530
-1708364019.1888473,-0.0023558615818995987,0.006144645826240219,14531
-1708364019.1588292,-0.00447448005388662,0.01099673205020539,14532
-1708364019.1258075,-0.007554936916130073,0.014877772263518857,14533
-1708364019.0937333,-0.01299382221388179,0.020367054409903107,14534
-1708364019.0512104,-0.019500025571037916,0.026219223852516446,14535
-1708364019.0269969,-0.02917958605169768,0.03502612610511038,14536
-1708364018.992411,-0.03204368421385251,0.03730351841496668,14537
-1708364018.959722,-0.03318688268312198,0.037609531312600364,14538
-1708364018.923539,-0.03183206683780404,0.03513762973824529,14539
-1708364018.8917537,-0.0276964933011955,0.029626255187888667,14540
-1708364018.8530993,-0.023281757981083007,0.024391924809575305,14541
-1708364018.8246896,-0.017780891675336585,0.01816966140318771,14542
-1708364018.7914543,-0.016081770381077387,0.01604046527478864,14543
-1708364018.760191,-0.016124667128266212,0.015297974771185122,14544
-1708364018.7273114,-0.018283908237537116,0.016627452928503497,14545
-1708364018.6952834,-0.02179438982767057,0.019498330504331945,14546
-1708364018.6625302,-0.02627512179920044,0.023343020515845594,14547
-1708364018.6261494,-0.031184781818620277,0.027926420369874083,14548
-1708364018.5928783,-0.033703702898876475,0.03001403500195797,14549
-1708364018.5497923,-0.031681153833626574,0.02752509811282544,14550
-1708364018.523083,-0.024800919664021537,0.02028966367383385,14551
-1708364018.489746,-0.01694228131639064,0.01249825320931676,14552
-1708364018.4585273,-0.007470779363539348,0.0036286376026120615,14553
-1708364018.4259784,0.0024582207106595977,-0.005216462447763526,14554
-1708364018.3972843,0.009853300769136819,-0.011279394672076892,14555
-1708364018.3675303,0.013727997833279493,-0.014083406984177038,14556
-1708364018.3365674,0.014674998535689432,-0.01438751953405662,14557
-1708364018.3032758,0.013890313790047903,-0.012986002778864997,14558
-1708364018.2680016,0.011486839962323248,-0.010137044242888055,14559
-1708364018.1934764,0.0072500200233637235,-0.005261831810590034,14560
-1708364018.1614368,0.005411296668128673,0.0031604704600500383,14561
-1708364018.1289458,0.008160415123052878,0.006052787198296411,14562
-1708364018.09525,0.012444320296896683,0.008503534743289187,14563
-1708364018.064649,0.01761684340725722,0.010910558000646442,14564
-1708364018.0316296,0.02318684813877181,0.013243096516208502,14565
-1708364017.998641,0.027367298303381138,0.014930564222144754,14566
-1708364017.964318,0.029061607364526676,0.015724874134908334,14567
-1708364017.9325595,0.028327427896677304,0.015710845727737233,14568
-1708364017.8997498,0.026126753574578943,0.01514431823698334,14569
-1708364017.870017,0.023105864537352083,0.014238309485149273,14570
-1708364017.8423486,0.02059458784128687,0.013389719574980669,14571
-1708364017.8071787,0.017421731344088753,0.012334434361923607,14572
-1708364017.774198,0.01487187463741535,0.012169178792034288,14573
-1708364017.7432168,0.012959348015310068,0.0127901453917455,14574
-1708364017.7091007,0.011528721392370933,0.014054306602259134,14575
-1708364017.675358,0.010082913315307418,0.016358244386503087,14576
-1708364017.6444585,0.009084657308199406,0.018551770134857926,14577
-1708364017.6006064,0.0077656971952190235,0.019894974513098393,14578
-1708364017.5686603,0.004943533751392337,0.018395939264483963,14579
-1708364017.5244293,0.0018936728806924208,0.014715604326969292,14580
-1708364017.4708152,-0.003384280647819926,0.006003515951122931,14581
-1708364017.4372382,-0.009083107384073807,-0.004557045354361439,14582
-1708364017.3977249,-0.013570035889033272,-0.01277081188073606,14583
-1708364017.3611686,-0.016609630661755914,-0.017275861682725185,14584
-1708364017.2922993,-0.02002663034329899,-0.020563517409072696,14585
-1708364017.2420833,-0.02510782754520724,-0.022693616333905597,14586
-1708364017.2006655,-0.027456268864122335,-0.022674035920058067,14587
-1708364017.1776054,-0.027014884169584863,-0.021269382986800228,14588
-1708364017.143037,-0.025789513262461594,-0.019818001980212857,14589
-1708364017.1107638,-0.02325175564387194,-0.017386484836301508,14590
-1708364017.0743754,-0.02002695928859277,-0.01436730297845204,14591
-1708364017.0416734,-0.015384038350320761,-0.010344634416725423,14592
-1708364017.0052059,-0.012504089127201912,-0.006760595179086004,14593
-1708364016.9726055,-0.012426699217302772,-0.0013808563485205039,14594
-1708364016.9425282,-0.014817045501770765,0.0035539118421788474,14595
-1708364016.9121714,-0.017746643859458233,0.007527331079438412,14596
-1708364016.8797324,-0.022655762086425946,0.013246315865347538,14597
-1708364016.8471498,-0.02835660573215648,0.019195000335505724,14598
-1708364016.816526,-0.033583820064298275,0.024916269131513888,14599
-1708364016.7828107,-0.03579421933212279,0.028335047829811236,14600
-1708364016.7484903,-0.034972403880207836,0.029125231763444212,14601
-1708364016.7153575,-0.030283751057269548,0.027059286474466746,14602
-1708364016.6824245,-0.024387621897222655,0.023655700572044178,14603
-1708364016.6491349,-0.017500619433573283,0.01951510838622937,14604
-1708364016.6186867,-0.010380129858482023,0.01557994667792495,14605
-1708364016.5872006,-0.004935991715840804,0.0125413838337574,14606
-1708364016.550587,-0.001180005579286325,0.010604090081761261,14607
-1708364016.519024,0.0011883970481194606,0.009592412903183092,14608
-1708364016.4859748,0.0026050110467678023,0.009222525017389557,14609
-1708364016.4493926,0.003480841145724445,0.009244720262752776,14610
-1708364016.418438,0.004505000346429422,0.009364911418950836,14611
-1708364016.3825347,0.006453782293524335,0.009157810434074612,14612
-1708364016.346187,0.009560822884939646,0.008526568726930445,14613
-1708364016.3138397,0.014539082879156284,0.0076971129824080775,14614
-1708364016.2822497,0.0190232158284378,0.007114609010505424,14615
-1708364016.2488678,0.02367130058148026,0.0065295715707728574,14616
-1708364016.217066,0.027808494530895955,0.005960287161839051,14617
-1708364016.184053,0.02962328307474693,0.005171548484597069,14618
-1708364016.1473224,0.02902685601898436,0.004032639970097687,14619
-1708364016.118245,0.025794589949692304,0.002120509548093577,14620
-1708364016.0826807,0.02297019892557528,0.0007595397095775808,14621
-1708364016.0588882,0.017379401610307488,-0.0018128421887007862,14622
-1708364016.028162,0.013766775124085862,-0.003256013182014711,14623
-1708364015.990944,0.009695888765930194,-0.003877780557601268,14624
-1708364015.9589672,0.006615592269822557,-0.0030098852157818823,14625
-1708364015.9255185,0.0043038508617591065,-0.0008678753816285245,14626
-1708364015.8858454,0.0023072716634979784,0.0031062449922245883,14627
-1708364015.8528657,0.0012161249851618816,0.006829418514343336,14628
-1708364015.819012,0.0004000210997843201,0.011251042640095535,14629
-1708364015.7875555,0.000760579209988288,0.012454735659269772,14630
-1708364015.7489753,0.0019397488665623408,0.01147869986846628,14631
-1708364015.7214413,0.00420230927024412,0.007884325417920446,14632
-1708364015.6853569,0.005887771643766748,0.004859614153843131,14633
-1708364015.6558707,0.00907028691570555,-0.0008655942931279914,14634
-1708364015.6223762,0.01104773670178305,-0.004434212849996233,14635
-1708364015.5880601,0.012654695489986545,-0.00775718371754866,14636
-1708364015.556068,0.012823124873424074,-0.009307344162874043,14637
-1708364015.5221698,0.011754657620979492,-0.008787393419905337,14638
-1708364015.4887917,0.009873413822847898,-0.007246176703729651,14639
-1708364015.4574604,0.007467189711412581,-0.004943560611095299,14640
-1708364015.4227526,0.004623455019613698,-0.0022930745040695144,14641
-1708364015.3903906,0.0007585435046679745,0.00014702638435172555,14642
-1708364015.357662,-0.004153350877260986,0.0021885931021675686,14643
-1708364015.3256924,-0.009847939982406295,0.003767577289594093,14644
-1708364015.2916772,-0.016160471391228115,0.004825577862402036,14645
-1708364015.2585382,-0.02444643102174615,0.006057324501771849,14646
-1708364015.2265165,-0.031117933583835633,0.006948192195588232,14647
-1708364015.1916277,-0.035356643998819326,0.00671282065903718,14648
-1708364015.1601748,-0.03675043296738434,0.005346681622715108,14649
-1708364015.1248946,-0.03578591648752394,0.003024554173016919,14650
-1708364015.0314407,-0.03201380872791759,-0.0010974076207564132,14651
-1708364014.9908035,-0.019074599659067326,-0.011576289678372237,14652
-1708364014.934338,-0.01489072749905862,-0.013428995402743865,14653
-1708364014.903293,-0.011573118774787061,-0.01297411062822404,14654
-1708364014.8706489,-0.010513977138156716,-0.011646370702551617,14655
-1708364014.8372378,-0.00975344327919514,-0.009884843367854418,14656
-1708364014.8025534,-0.00885566890094247,-0.008028129605271134,14657
-1708364014.767831,-0.007999625497262297,-0.007649268724730124,14658
-1708364014.7391722,-0.007034281265252074,-0.008008288300016597,14659
-1708364014.7060554,-0.006064520875497026,-0.008895936771205787,14660
-1708364014.6688492,-0.005254426443653926,-0.009832310211218442,14661
-1708364014.6405218,-0.004514199043807343,-0.011102791220925418,14662
-1708364014.6046364,-0.004878507853023684,-0.011807716446428557,14663
-1708364014.559712,-0.007719662573843711,-0.01271971479638126,14664
-1708364014.475641,-0.012743702490280784,-0.013548236944066261,14665
-1708364014.4193642,-0.027617174626411778,-0.01589864032513527,14666
-1708364014.3655682,-0.03391258391058816,-0.01683786712550983,14667
-1708364014.3362718,-0.03277672489743344,-0.016242715525808138,14668
-1708364014.3052187,-0.0295539496593773,-0.01529152975470266,14669
-1708364014.2754161,-0.025026404756827825,-0.014165012357301693,14670
-1708364014.243465,-0.019538400774527953,-0.01311527178764435,14671
-1708364014.2086225,-0.014451004953098145,-0.012322694275030854,14672
-1708364014.1677814,-0.011250220457418747,-0.012014035450174154,14673
-1708364014.145277,-0.009922475525720675,-0.012161500680063275,14674
-1708364014.1101115,-0.010243546085162647,-0.012432920533795494,14675
-1708364014.0663698,-0.011661700646559026,-0.012922339962345042,14676
-1708364014.0361552,-0.014788113069938325,-0.013660286917205444,14677
-1708364014.004434,-0.016334683036019038,-0.013846149416674058,14678
-1708364013.9672554,-0.016604722072532385,-0.013783691074278182,14679
-1708364013.9357195,-0.015724738752844525,-0.013586342991455946,14680
-1708364013.9068296,-0.01392847337457892,-0.013358181397547297,14681
-1708364013.8673706,-0.01153396815938057,-0.013009411553348976,14682
-1708364013.8358018,-0.008198189812422929,-0.01229575697023605,14683
-1708364013.8085713,-0.00607695500234906,-0.011003376082258653,14684
-1708364013.7719307,-0.005093025247556282,-0.009433526936944214,14685
-1708364013.7358193,-0.004320237618285705,-0.005695378508718235,14686
-1708364013.708554,-0.004256316452675213,-0.0020673981046269163,14687
-1708364013.6655703,-0.004448797433040164,0.0018770867106833178,14688
-1708364013.6382363,-0.004782151102783017,0.007057287569518608,14689
-1708364013.608782,-0.005349054935929742,0.00979372250912168,14690
-1708364013.5608387,-0.006897372326889362,0.01267014392967672,14691
-1708364013.5122545,-0.010869254767494785,0.01569706448368338,14692
-1708364013.4784372,-0.016328264119576663,0.01782800043551981,14693
-1708364013.4487488,-0.020360976577952994,0.019052871433241775,14694
-1708364013.4178436,-0.024005642504168923,0.019955274779185933,14695
-1708364013.3782988,-0.02580537972235286,0.020377483942007946,14696
-1708364013.3427641,-0.02520125213302138,0.019960335497622966,14697
-1708364013.3124948,-0.022918379446460024,0.01902781545980327,14698
-1708364013.2765405,-0.01956551023360842,0.017684131318794885,14699
-1708364013.2457771,-0.014490788677380073,0.01584351006563571,14700
-1708364013.2119148,-0.011730668067638117,0.014695896271062645,14701
-1708364013.1787074,-0.009576909899515429,0.012647983239747362,14702
-1708364013.1477296,-0.009879847913379924,0.010882803653945158,14703
-1708364013.1061373,-0.011579339433287816,0.009045484205183557,14704
-1708364013.0760045,-0.014904768204180519,0.00663772427520562,14705
-1708364013.0477638,-0.018006450310169342,0.004600768843613601,14706
-1708364013.0069094,-0.020125777668032474,0.003076802744299889,14707
-1708364012.9789312,-0.022080861742019064,0.0005058880610448596,14708
-1708364012.9488924,-0.02224284740327731,-0.0015008127141878658,14709
-1708364012.9041584,-0.02155016591529546,-0.003338376184405273,14710
-1708364012.8566213,-0.019901540547589858,-0.005348532883667739,14711
-1708364012.8219454,-0.017460888471825586,-0.007612663054610808,14712
-1708364012.7842314,-0.016235570493231655,-0.008923501310631243,14713
-1708364012.7601774,-0.015441003669534381,-0.01033157210283639,14714
-1708364012.725555,-0.015273970393399616,-0.011079598482917785,14715
-1708364012.6927419,-0.015325183512838514,-0.012197764898749214,14716
-1708364012.6588514,-0.01551820781159896,-0.01304981798735072,14717
-1708364012.6247427,-0.015826615512200104,-0.013868428656115872,14718
-1708364012.5914526,-0.016040106285713063,-0.01460871959205573,14719
-1708364012.5596702,-0.0161078290832547,-0.015186402044996522,14720
-1708364012.5221379,-0.016013204900116595,-0.015709900488077883,14721
-1708364012.4930334,-0.01577381277216805,-0.016207785239071598,14722
-1708364012.4607224,-0.015525773571677504,-0.016633200121735803,14723
-1708364012.4255667,-0.015118690129380163,-0.016931520778621117,14724
-1708364012.3936954,-0.013998498396027292,-0.016213952256042552,14725
-1708364012.3580055,-0.012037613430631366,-0.014340659922054244,14726
-1708364012.3290253,-0.00938097727916698,-0.011429140711567004,14727
-1708364012.297139,-0.006265839483850955,-0.007874841491733231,14728
-1708364012.2653341,-0.0029179961091142514,-0.003826034128747574,14729
-1708364012.2263205,0.0006725614158652471,0.0003449726145929449,14730
-1708364012.1928988,0.0022999669829394387,0.005695103339690019,14731
-1708364012.1608598,0.0004137050865991032,0.009861201222162386,14732
-1708364012.1291795,-0.0038338386390565082,0.014014214613082998,14733
-1708364012.098641,-0.009748049544696546,0.018099686489491423,14734
-1708364012.0620267,-0.016859939807119195,0.022330785102212022,14735
-1708364012.0240042,-0.024397114534571718,0.02691052656765397,14736
-1708364011.9872622,-0.030673394761316364,0.030384930110771813,14737
-1708364011.953577,-0.03157483046715548,0.030496545082843746,14738
-1708364011.9228501,-0.02911449311103842,0.028346962223275915,14739
-1708364011.8952594,-0.024523157556735953,0.024814010193129885,14740
-1708364011.8648798,-0.020181598932210054,0.021574551770305997,14741
-1708364011.8346398,-0.013654937267373657,0.01717877866015355,14742
-1708364011.799621,-0.007414232051481506,0.014304078717055094,14743
-1708364011.765955,-0.0022095109195403584,0.013906726476799275,14744
-1708364011.7346985,0.002111228001035914,0.015712607725690303,14745
-1708364011.6934955,0.0057440773924101185,0.019171716087566862,14746
-1708364011.6597073,0.01063490707539061,0.026140081390682815,14747
-1708364011.594382,0.013580538508810691,0.031027419926265468,14748
-1708364011.5569391,0.013756169684270736,0.033166068190128406,14749
-1708364011.5240557,0.009895784240454675,0.029556970018302625,14750
-1708364011.4962757,0.005386714858572672,0.025054531664970334,14751
-1708364011.464417,0.0014431149147159372,0.02113211856129628,14752
-1708364011.420719,-0.0042684819680364194,0.015485509073409079,14753
-1708364011.3931527,-0.011108048120530012,0.009889364308076798,14754
-1708364011.365952,-0.013465564951761544,0.009212180477259982,14755
-1708364011.3239415,-0.015123552696982734,0.009609186800575056,14756
-1708364011.2917516,-0.016854019133655918,0.012548576962850763,14757
-1708364011.2658057,-0.017318819376406225,0.015529242556836784,14758
-1708364011.2289891,-0.017427009675693883,0.018114338958595447,14759
-1708364011.195116,-0.01685247704873316,0.01961207383491556,14760
-1708364011.1683552,-0.015758556074613628,0.017265822847445655,14761
-1708364011.1281617,-0.014615298790184972,0.013617504586781765,14762
-1708364011.0989497,-0.012031994668196266,0.005151414600394935,14763
-1708364011.0780768,-0.00940832836858263,-0.0031292128393727303,14764
-1708364011.0423625,-0.007848302882485947,-0.007667974537843125,14765
-1708364011.0073779,-0.0038675093820550455,-0.018140107676346495,14766
-1708364010.9737818,-0.0015651395117339817,-0.022429141395221924,14767
-1708364010.9378414,-1.969815000590902e-05,-0.02366171682078755,14768
-1708364010.9088724,0.0007960095155886693,-0.021690841391724225,14769
-1708364010.8766725,0.0007791134867410898,-0.018174825410141066,14770
-1708364010.841082,0.0004462137480514272,-0.013726354612509511,14771
-1708364010.8097196,-0.0003062729234685202,-0.00860653929357641,14772
-1708364010.7745633,-0.0016263024998267595,-0.003237197147329701,14773
-1708364010.7447517,-0.003230301534068225,0.0020507342623907743,14774
-1708364010.712059,-0.005079986053640129,0.007299147111774457,14775
-1708364010.6797674,-0.0071874793773660794,0.012750031737106537,14776
-1708364010.647389,-0.009548477608789185,0.018385184038885533,14777
-1708364010.6101737,-0.0119543435614069,0.023674187008973807,14778
-1708364010.581191,-0.014117666896381498,0.02706602202924778,14779
-1708364010.5468242,-0.015134820808744287,0.02719432570123856,14780
-1708364010.5141165,-0.015588213103683524,0.025639692307096243,14781
-1708364010.481798,-0.015438110289834772,0.022491514332836193,14782
-1708364010.448284,-0.014819504805460904,0.01825367959806129,14783
-1708364010.4045224,-0.01400083651486228,0.013937020849139212,14784
-1708364010.3477209,-0.012893791319841474,0.010596320573122181,14785
-1708364010.3087194,-0.012387317400402442,0.011296228602060893,14786
-1708364010.2652776,-0.012395762660480036,0.01366107669760755,14787
-1708364010.2376263,-0.012463873489583221,0.01676341864557039,14788
-1708364010.2100916,-0.012425153143353684,0.0178615634188225,14789
-1708364010.172762,-0.012230670777919506,0.01698474963097693,14790
-1708364010.138031,-0.011608517003055985,0.012558576195054072,14791
-1708364010.1101315,-0.011024260565112298,0.007346215829165448,14792
-1708364010.0629892,-0.010623204318730428,0.002952365091721379,14793
-1708364010.0193887,-0.00999514895802922,-0.006624652163082528,14794
-1708364009.9888463,-0.010521518852859457,-0.012866949702695085,14795
-1708364009.4890633,-0.01221792873787697,-0.013522043667727357,14796
-1708364009.3723285,0.00810889240811441,-0.005263967808295855,14797
-1708364009.2725182,0.009259054440013958,-0.005032095894883154,14798
-1708364009.1948476,0.01212526334457753,-0.0048306331912767175,14799
-1708364009.1590269,0.012334563845813551,-0.0037511577474763635,14800
-1708364009.12338,0.012154768495461155,-0.0027424079374922805,14801
-1708364009.0962205,0.01180728118578489,-0.00131838679477278,14802
-1708364009.04503,0.011600559462372262,-0.0004473482941096951,14803
-1708364009.0100887,0.011196501453455077,0.0016203254830364916,14804
-1708364008.9810336,0.011068285357102803,0.00310891308433707,14805
-1708364008.9510996,0.010973107156802664,0.004886805337731323,14806
-1708364008.9229512,0.010887806181250514,0.0063739101620322175,14807
-1708364008.8899488,0.010776669617671875,0.008448037198398206,14808
-1708364008.8527482,0.010659482056557867,0.010711092542704456,14809
-1708364008.8191953,0.010482616058605343,0.013355860585024887,14810
-1708364008.7880073,0.01011726267039692,0.014241519408962719,14811
-1708364008.7591624,0.009545991266674214,0.013988209196440907,14812
-1708364008.7275672,0.008994953603736366,0.013199653617275514,14813
-1708364008.6985486,0.008055596545122556,0.011563771291931618,14814
-1708364008.6666274,0.006946793101842319,0.009603396472577616,14815
-1708364008.632371,0.005748945253008952,0.007459205936079655,14816
-1708364008.5987825,0.004664754953789041,0.00535212201253997,14817
-1708364008.5644274,0.003767149141701509,0.003538643295378535,14818
-1708364008.5310833,0.002999885101630295,0.001593004412498128,14819
-1708364008.496875,0.002615117709952486,0.00011444098507676359,14820
-1708364008.464835,0.0024446807331315323,-0.001415294581114973,14821
-1708364008.4328365,0.002382800319368661,-0.0029595303863406697,14822
-1708364008.4009275,0.0026345105397134194,-0.004054528461692908,14823
-1708364008.3281476,0.0032808483267180444,-0.004442147360919829,14824
-1708364008.2957907,0.005826907884297072,-0.0033283174492719225,14825
-1708364008.2639267,0.007259905130859168,-0.002290238963257335,14826
-1708364008.2294528,0.008804433429088543,-0.0011619742077923212,14827
-1708364008.1958961,0.011012058345978293,-0.00036113238583651563,14828
-1708364008.1634266,0.013005338871737715,-0.000525274470275755,14829
-1708364008.1291814,0.015126884960222298,-0.0012298462275275035,14830
-1708364008.0981934,0.017275066039741493,-0.002232437515553687,14831
-1708364008.0644872,0.019427586035531852,-0.0033905819981342733,14832
-1708364008.0251412,0.021565826939736632,-0.004674442735712631,14833
-1708364007.9973538,0.02297240680030599,-0.004858876894053954,14834
-1708364007.9648705,0.02275292359734793,-0.003534314151278195,14835
-1708364007.93207,0.02159696012836554,-0.001137228722143696,14836
-1708364007.8989718,0.01977338912926141,0.0020444694308831696,14837
-1708364007.865906,0.017462274780230436,0.005788157052222104,14838
-1708364007.832906,0.01494333533612724,0.009751207135640969,14839
-1708364007.8010416,0.012949999021757419,0.012189614534140553,14840
-1708364007.767849,0.011946220702985455,0.011899626597629512,14841
-1708364007.7353172,0.011805861051047861,0.009260797896594827,14842
-1708364007.7082956,0.012374514230663602,0.004816971313120838,14843
-1708364007.6797593,0.013463424208945973,-0.0007914225928284113,14844
-1708364007.6448982,0.014522129278390472,-0.005483134256345723,14845
-1708364007.6084201,0.016056737038657065,-0.012721988399904904,14846
-1708364007.5699286,0.016209542399580612,-0.015986524908144034,14847
-1708364007.5364075,0.01503180729153053,-0.017184743914839345,14848
-1708364007.5054185,0.013251837359805951,-0.01636319036524564,14849
-1708364007.333489,0.011001372421697408,-0.01450531505988445,14850
-1708364007.2616951,0.011477178070498528,-0.0015145858896948028,14851
-1708364007.237171,0.019722896662896172,0.0027742109770112766,14852
-1708364007.1829684,0.02213643939833998,0.004185685707970163,14853
-1708364007.1454825,0.025626535476189094,0.00680154040841531,14854
-1708364007.1131947,0.02741023916552543,0.008950344901523535,14855
-1708364007.076079,0.02844116231387739,0.010603479851416131,14856
-1708364007.0402713,0.02945668765313958,0.012450911041458637,14857
-1708364007.008966,0.029538003095650134,0.01322754350296483,14858
-1708364006.9770498,0.02796515765697294,0.012641080026507934,14859
-1708364006.94359,0.024790217674994786,0.010796747802225184,14860
-1708364006.908395,0.020514876439601704,0.007950218653718422,14861
-1708364006.8774889,0.014006065550895674,0.003448228791241667,14862
-1708364006.844962,0.008379345423305429,-0.0005671485641177421,14863
-1708364006.810871,0.003128600297039763,-0.004036861713309997,14864
-1708364006.7786047,-0.0008347968637422154,-0.005615483533836396,14865
-1708364006.7455323,-0.0035555663656754444,-0.00546479387303711,14866
-1708364006.7133334,-0.005355718389138064,-0.0039666804435264935,14867
-1708364006.6792102,-0.006537909561424304,-0.001574912017449276,14868
-1708364006.6464832,-0.007389397368009032,0.0014541671347377688,14869
-1708364006.6132174,-0.00817601659205458,0.004710851065020644,14870
-1708364006.5800383,-0.009766449242772812,0.007611547141035804,14871
-1708364006.5441818,-0.011564130730452482,0.009056542629887754,14872
-1708364006.5144753,-0.013675784854006223,0.009949929178029365,14873
-1708364006.479523,-0.015898867441137776,0.010313074908019138,14874
-1708364006.4480608,-0.018149251206592276,0.010287804116214022,14875
-1708364006.4147718,-0.02010526929375489,0.009851038255979272,14876
-1708364006.3824718,-0.021137865859178206,0.008746786772791754,14877
-1708364006.3483226,-0.021234562240185384,0.006955771024187041,14878
-1708364006.32194,-0.0204195046755844,0.004053814449024265,14879
-1708364006.293834,-0.019614745001912515,0.0021092816168107043,14880
-1708364006.2588966,-0.018276447981709687,-0.0006676993617029947,14881
-1708364006.2234674,-0.01677660017452376,-0.003681509809459721,14882
-1708364006.1918972,-0.016297464100501258,-0.006346584896874619,14883
-1708364006.1602073,-0.017036338859023004,-0.008590403366375926,14884
-1708364006.127806,-0.01887209053126504,-0.010566078660455863,14885
-1708364006.0904005,-0.021553702519377604,-0.012155363296946914,14886
-1708364006.0529,-0.025651587693899525,-0.013849442099616055,14887
-1708364006.0225363,-0.029497632508422078,-0.015221659413307248,14888
-1708364005.9924915,-0.02990442273481464,-0.015575154728174695,14889
-1708364005.9592478,-0.027901196524958594,-0.015452672708013482,14890
-1708364005.927825,-0.023262543614722353,-0.014912173943532725,14891
-1708364005.8953898,-0.01655649538029713,-0.01414297551921595,14892
-1708364005.8584619,-0.008487688271175742,-0.013251139678625595,14893
-1708364005.8232143,0.0023822920059041186,-0.011844721139434189,14894
-1708364005.7903817,0.00936843792064701,-0.010085176270070106,14895
-1708364005.755942,0.014020625811407728,-0.007767671840586299,14896
-1708364005.722117,0.017067281096102227,-0.004037204696830304,14897
-1708364005.6963127,0.01802864348439126,-0.0007256795786293735,14898
-1708364005.6612694,0.018242063696132016,0.0019428306361177344,14899
-1708364005.6297197,0.018126864277718036,0.006498538298525508,14900
-1708364005.597911,0.018734502561464694,0.00837893873565633,14901
-1708364005.5642028,0.020331771638353535,0.008233889930528593,14902
-1708364005.526859,0.02273499056490369,0.006416945999242696,14903
-1708364005.495027,0.02564110395371877,0.0035905238463053157,14904
-1708364005.4643924,0.028809403542985557,0.00026419898909116335,14905
-1708364005.4245305,0.03205304212696869,-0.0034446713166025877,14906
-1708364005.400433,0.03385955633354876,-0.006855266659506309,14907
-1708364005.3636842,0.03328772326003593,-0.007819322526578798,14908
-1708364005.3296876,0.029992255227968778,-0.007885179693994049,14909
-1708364005.2940717,0.025945365836925305,-0.006881783686618875,14910
-1708364005.2654326,0.021163672858710014,-0.005362561927829079,14911
-1708364005.2189634,0.015831603120993076,-0.003534358292017231,14912
-1708364005.1871414,0.009289064583856699,0.0006950079701597139,14913
-1708364005.1605778,0.006319726373784085,0.00475484962769919,14914
-1708364005.1172516,0.004743537627090677,0.008247381605397286,14915
-1708364005.090962,0.002733508933060791,0.016083950547399015,14916
-1708364005.0622542,0.002109723912995465,0.020277940352747686,14917
-1708364004.9854138,0.0017141592417244667,0.024498530061566062,14918
-1708364004.9270866,0.0021530606219285486,0.029864792447758803,14919
-1708364004.8933773,0.0037486581293022514,0.025854751206953228,14920
-1708364004.8646371,0.005326969467206455,0.02096034150322948,14921
-1708364004.832226,0.006340584103426639,0.017782615321130624,14922
-1708364004.8016067,0.006819297041066208,0.01479169141166091,14923
-1708364004.7718074,0.00592750504380668,0.01417296752224649,14924
-1708364004.7326577,0.0037605019301956144,0.015650225331663256,14925
-1708364004.7046435,-0.000268791272549862,0.019674377037974713,14926
-1708364004.6693795,-0.003163213178626445,0.022875698856591964,14927
-1708364004.637522,-0.008351551946423452,0.02915027658586225,14928
-1708364004.6062832,-0.011376599929605491,0.03214211397374628,14929
-1708364004.5735698,-0.01239545967091471,0.03194775249071431,14930
-1708364004.5413291,-0.011987036121857475,0.0273381813843995,14931
-1708364004.5109885,-0.010123021953765354,0.02084699136978549,14932
-1708364004.4751441,-0.00808311690207153,0.01503470664079555,14933
-1708364004.4419851,-0.003797502856834667,0.0039007198054744063,14934
-1708364004.4069123,-0.0008144391765408932,-0.00378499724967829,14935
-1708364004.3743331,0.00040340352579226746,-0.008353081523915007,14936
-1708364004.3408782,-6.690523678776206e-05,-0.010114790682399954,14937
-1708364004.3078384,-0.0023851864247578236,-0.009189744858039472,14938
-1708364004.271239,-0.005109655516221445,-0.006799206548170844,14939
-1708364004.244778,-0.008298399423098068,-0.0036269387513394313,14940
-1708364004.2110777,-0.011358735066056336,-0.0013638175690067478,14941
-1708364004.1684859,-0.01376207207663993,-0.001977634850047316,14942
-1708364004.1467743,-0.015833636875260182,-0.006494863800357548,14943
-1708364004.1037498,-0.016714897466051037,-0.010699930694592519,14944
-1708364004.0799978,-0.01796533272214984,-0.01893186472765307,14945
-1708364004.0461626,-0.018592160606261232,-0.024460254323400876,14946
-1708364004.0105007,-0.018901397609452975,-0.031569648525382216,14947
-1708364003.98217,-0.017598190047877216,-0.03568515195176594,14948
-1708364003.9452176,-0.015897782000262484,-0.03557358750194059,14949
-1708364003.90437,-0.011789831369485082,-0.032250807669319065,14950
-1708364003.8717918,-0.00667504253803286,-0.026439559010870806,14951
-1708364003.8312519,-0.0019473310034990865,-0.02102048686699734,14952
-1708364003.804282,0.0027505865241833627,-0.013910887961993607,14953
-1708364003.7736163,0.0043335645097055675,-0.00818761024087103,14954
-1708364003.7352924,0.004178299987889322,-0.002521244702364117,14955
-1708364003.6470234,0.0027655996360745894,0.002969604117050023,14956
-1708364003.588396,-0.004014146567895005,0.01804455108672759,14957
-1708364003.5443244,-0.0038583290587770325,0.021179455822167306,14958
-1708364003.5148387,-0.0006271198665456224,0.018745887159031277,14959
-1708364003.4817586,0.0030426734705333303,0.015341424016670505,14960
-1708364003.447451,0.007193259931672302,0.01128117530075047,14961
-1708364003.412613,0.01128117393559791,0.007476869222456217,14962
-1708364003.3772607,0.014387752311296187,0.005883970138556918,14963
-1708364003.3462708,0.015299169185062134,0.0071343441084169845,14964
-1708364003.3113194,0.015186566251718991,0.010050935361339455,14965
-1708364003.278776,0.014394918555222458,0.014055509296754129,14966
-1708364003.2468908,0.013241552269861456,0.018669706774263967,14967
-1708364003.218845,0.011953966831232066,0.022974388580564525,14968
-1708364003.186802,0.01049048191690638,0.024694101073538213,14969
-1708364003.155927,0.008943438032676498,0.023556408182339478,14970
-1708364003.1069357,0.007315515027757513,0.020319045046601147,14971
-1708364003.0819688,0.0047095856379988366,0.012986865989774526,14972
-1708364003.049781,0.0034007986666649836,0.008543253562487113,14973
-1708364003.0162156,0.0017484149016201433,0.0028677692647774145,14974
-1708364002.9813719,0.0006429897820287023,-0.0005040532497517236,14975
-1708364002.9507546,-2.7501505126648063e-05,-0.0015063942490579074,14976
-1708364002.9168515,-0.00011969369572950583,-0.0007648898767695922,14977
-1708364002.8844442,3.787401619481656e-05,0.002017531139756598,14978
-1708364002.8501878,0.0003917958423607093,0.0050579903996365305,14979
-1708364002.8170238,0.0009219985529758112,0.008528924779838395,14980
-1708364002.7839975,0.0018330112104770757,0.012670941613704675,14981
-1708364002.747496,0.0031316908929506226,0.01722876884824362,14982
-1708364002.716408,0.005173625594872999,0.023522189745710936,14983
-1708364002.6841896,0.007075379804723281,0.028787392171802054,14984
-1708364002.6516788,0.009238138339176416,0.03413175172498742,14985
-1708364002.6204777,0.01137662090817182,0.0387122253097779,14986
-1708364002.5869203,0.012762967281080506,0.040655313481528496,14987
-1708364002.5541246,0.01339993870532874,0.039928518723305495,14988
-1708364002.5207832,0.013407109275251239,0.03698687968364109,14989
-1708364002.4866216,0.012934107728403532,0.03257595849387557,14990
-1708364002.4539359,0.012236907937255959,0.027198947191682574,14991
-1708364002.422174,0.011263771302375769,0.02055699943632905,14992
-1708364002.3872402,0.010715668640596254,0.018332857313608605,14993
-1708364002.3559535,0.009911872474051786,0.01786696998774502,14994
-1708364002.3228118,0.009338137850002592,0.019867810228422586,14995
-1708364002.2881794,0.008789390333149072,0.02334709879617944,14996
-1708364002.2510257,0.008251515599256076,0.027909372816733835,14997
-1708364002.2254996,0.007484884377419787,0.03352844163201847,14998
-1708364002.1987379,0.006894952211682237,0.03480218724732227,14999
